{"_timestamp":1.7395564563759458e+09,"_runtime":2233.250233889,"_step":999,"_wandb":{"runtime":2234},"loss":1.1101909876742866e-05}